/*
Navicat MySQL Data Transfer
Source Host     : localhost:3306
Source Database : restrant
Target Host     : localhost:3306
Target Database : restrant
Date: 2011-5-30 ионГ 12:33:59
*/

SET FOREIGN_KEY_CHECKS=0;
-- ----------------------------
-- Table structure for foodinfo
-- ----------------------------
DROP TABLE IF EXISTS `foodinfo`;
CREATE TABLE `foodinfo` (
  `foodId` int(11) NOT NULL,
  `foodName` varchar(255) default NULL,
  `foodImage` varchar(255) default NULL,
  `foodPrice` int(11) default NULL,
  `foodDes` varchar(255) default NULL,
  `foodditals` varchar(255) default NULL,
  PRIMARY KEY  (`foodId`)
) ENGINE=InnoDB DEFAULT CHARSET=utf8;

-- ----------------------------
-- Records of foodinfo
-- ----------------------------
INSERT INTO `foodinfo` VALUES ('1', 'Е°÷Х╠├Д╦²Г⌡√И╔╜', '500008.jpg', '9', 'Е╔╫Е╔╫Е░┐Е⌠╕', 'Е╝╤Е╦╦Е╟▐Х▐°О╪▄Ф≈╒Е░╚Ф°┴Д╦╟Е╞▄Г └Г╒ЁФ╟╢Е▄√Е░┬Г┴╘Е▐┬Е░╚Ф°┴Д╦╟Е╞▄Г └Г╩╢Г■÷Г╢═Г╩▐Ф╣▌Х─▄Е▐┬Е╝·Ф┐═О╪│');
INSERT INTO `foodinfo` VALUES ('2', 'И²▓Х▐°Х┌┴Д╦²Г╡╔', '500022.jpg', '4', 'Е▌÷Ф√≥О╪ И²▓Х▐°Ц─│Х┌┴Д╦²Е▐ёЕ▒ЁФ╦┘Ф╥║О╪▄Ф╦┘И╕≥Е▐╞Е▐ёО╪│', 'И²▓Х▐°Х┌┴Д╦²Г╡╔О╪▄Ф╦┘Ф╥║Е╟▐Г╡╔О╪▄Д╦─Д╩╫Ф╦╘И╕╗О╪│');
INSERT INTO `foodinfo` VALUES ('3', 'Е┬─Е┴┼И²╒', '500023.jpg', '6', 'И┘█Ф√≥О╪ И²▓Х▐°Ц─│Г▄╙Х┌┴Ц─│Ф╣╥Е╦╕Ц─│И╙╗Е╓╢Ф╠╓Е▐ёЕ▒ЁО╪ Е╬╝Х╬ёЦ─│Д╦╜Х╬ёЦ─│Х╤┘Х╬ёЦ─┌', 'Б─°Е╥╕Ф┴▀Ф┴≤И²╒О╪▄Е▐ЁФ┴▀Ф▄│Е┬─О╪▄Д╩▌Д╦┼Е╬─Д╦▀О╪▄Е╬─Ф╠╓И■┘И┤▄Е┴┼Ц─┌Б─²Х©≥Е╟╠Ф≤╞Е┬─Е┴┼И²╒О╪▄Г╝─Е█∙Г╬▌Е▒ЁО╪▄Х©≤Е░╚Ф°┴Д╦╟Е╞▄Г └Г╩╢Г■÷Г╢═BЕ⌠╕О╪│');
INSERT INTO `foodinfo` VALUES ('4', 'Ф▀┴И²╒', '500024.jpg', '6', 'И┘█Ф√≥О╪ Г┴⌡Х┌┴Ц─│И╙╗Е╓╢Ф╠╓Е▐ёЕ▒ЁО╪ Е╬╝Х╬ёЦ─│Д╦╜Х╬ёЦ─│Х╤┘Х╬ёЦ─┌', 'Х░╔Е┘╩Д╦╟Е╞▄Ц─│Иё▌Е▒ЁГ▀╛Г┴╧Ц─│Г╩▐Ф╣▌Е╝·Ф┐═Ц─│Ф╦┘Ф╥║Е▐╞Е▐ёЦ─│Ф√╧Д╬©Е©╚Ф█╥О╪│');
INSERT INTO `foodinfo` VALUES ('6', 'Х╔©Г╨╒Ф÷©Ф┴⌠Е█╓И²╒', '500025.jpg', '7', 'И┘█Ф√≥О╪ Х╔©Г╨╒Ф÷©Ц─│И╦║Х⌡▀Е▐ёЕ▒ЁО╪ Ф╦┘Ф╥║Ц─┌', 'Е▐ёЕ▒ЁГ▀╛Г┴╧О╪▄Г╩▐Ф╣▌Е╝·Ф┐═О╪▄Г╝─Е█∙Х░╔Е┘╩Ц─┌');
INSERT INTO `foodinfo` VALUES ('7', 'Ф°╗И║╩Х┌┴Г⌡√И╔╜', '500026.jpg', '8', 'Е▌÷Ф√≥О╪ Ф°╗Х─ЁЦ─│Г▄╙Х┌┴Ц─│И²▓Г⌠°Ц─│И╦║Х⌡▀Ц─┌Е▐ёЕ▒ЁФ╦┘Ф╥║О╪▄Г╬▌Е▒ЁХ░╔Е┘╩Ц─┌', 'Х©≥Ф≤╞Д╦─Ф╛╬Д╦█И■≥Г └Х░╔Е┘╩И┘█И╓░О╪▄Х░╔Е┘╩Д╩╥Е─╪Ф·│И╚≤О╪▄Х─▄Д╦■Е▐┬Г╬▌Е▒ЁЕ⌠╕О╪│Е╪╨Г┐┬Ф▌╗Х█░О╪│');
INSERT INTO `foodinfo` VALUES ('8', 'Ф°╗И║╩Х┌┴Г⌡√И╔╜', '500033.jpg', '8', 'Е▌÷Ф√≥О╪ Ф°╗Х─ЁЦ─│Г▄╙Х┌┴Ц─│И²▓Г⌠°Ц─│И╦║Х⌡▀Ц─┌Е▐ёЕ▒ЁИ─┌Д╦╜О╪▄Х░╔Е┘╩Г╬▌Е▒ЁЦ─┌', 'Х©≥Ф≤╞Д╦─Ф╛╬Д╦█И■≥Г └Х░╔Е┘╩И┘█И╓░О╪▄Х░╔Е┘╩Д╩╥Е─╪Ф·│И╚≤О╪▄Х─▄Д╦■Е▐┬Г╬▌Е▒ЁЕ⌠╕О╪│Е╪╨Г┐┬Ф▌╗Х█░О╪│');
INSERT INTO `foodinfo` VALUES ('9', 'Г┴╧Х┴╡Г┌▓И╔╜', '500034.jpg', '7', 'Е▌÷Ф√≥О╪ Х≤▒Х▐┤Ц─│И╦║Х⌡▀Ц─│Х┐║Х░²Е█°Ц─│И²▓Ф╓▓Ц─│Г╩©Х┴╡Х■╛Х▐°Ц─┌Е▐ёФ└÷Ф·│Е╔╫О╪│', 'Х©≥Ф≤╞Д╦─Ф╛╬И─┌Е░┬Д╦█Е░▄Е▐ёЕ▒ЁГ └Г╬▌Иё÷О╪▄Е▐ёФ└÷Ф·│Е╔╫О╪│');
INSERT INTO `foodinfo` VALUES ('10', 'Г╠ЁГ╡┴Ф╠╓', '500035.jpg', '8', 'Е▌÷Ф√≥О╪ Г╠ЁГ╡┴Ц─│И╙╗Е╓╢Ф╠╓Ц─│Х╠├Х┘░Ц─│Х┌┴Д╦╦Ф╠╓Е▒ЁИ╡°Г╬▌О╪▄Е▐ёФ└÷Ф·│Д╫ЁО╪│', 'Ф╠╓Е▒ЁИ╡°И╕≥О╪▄Г╬▌Е▒ЁХ░╔Е┘╩О╪│');
INSERT INTO `foodinfo` VALUES ('12', 'И┤█Е╨├Е╟▐И²╒', '500036.jpg', '5', 'Ф╜ёЕ╝≈И┤█Е╨├Х║≈Е╓╢Г┴╧Х┴╡Е╟▐И²╒О╪│', 'Ф╠╓Е▒ЁИ├┤Е▌ О╪▄И╨╩Х╬ёЕ▐╞Е▐ёО╪│');
INSERT INTO `foodinfo` VALUES ('14', 'Е┬⌡Ф└▐Г┌▓И╔╜', '500038.jpg', '7', 'Е▌÷Ф√≥О╪ И╦║Х⌡▀Ц─│Х┐║Х░²Е█°Ц─│И²▓Х╠├Ц─┌Ц─┌Ц─┌Е▐ёЕ▒ЁИ─┌Д╦╜О╪▄И²·Е╦╦Г┬╫Е▐ёО╪│', 'Х©≥Ф≤╞Д╦─Ф╛╬Ф·│Е┘╥Е╝╤Е╨╜Е▒ЁГ └Г┌▓И╔╜О╪▄Ф⌡╢Е╓ Г └Ф≤╞Е┬╤Д╫°Д╨╨Г └Е©┐Ф─²О╪▄Х╝╘Д╫═Ф°┴Г╖█Ф╦╘И╕╗Г └Ф└÷Х╖┴О╪│');
INSERT INTO `foodinfo` VALUES ('16', 'И┘╦Х╠├Х╖▓Г┌▓Х┌┴Ф°╚Г⌡√И╔╜', '500041.jpg', '8', 'Е╪─Х┐┐Е▐╞Е▐ёО╪│', 'Е╝╤Е╦╦Иё▌Е▒ЁО╪▄Ф≤╞И│⌠И²·Е╦╦Е╪─Х┐┐Г └Г╬▌Иё÷О╪│');
INSERT INTO `foodinfo` VALUES ('17', 'И╕≥Ф╡╧Ф┼└Ф┴▀', '500042.jpg', '4', 'Е╥²Е▒ЁЕ╟▐Е░┐О╪▄И╡°И╕≥Е▐╞Е▐ёО╪│', 'Ф╜ёЕ╝≈Е╥²Е▒ЁЕ╟▐Е░┐О╪▄И≥╥Е╓╖Г ╝Х√└О╪▄Е├█И┘█Д╩╔И╡°Г╬▌Г └Ф╠╓Ф√≥О╪▄Ф≤╞Д╦─И│⌠Ф·│Д╫ЁГ └Е╟▐Е░┐О╪│');
INSERT INTO `foodinfo` VALUES ('18', 'Х╔©Г╨╒Ф÷©Г┌▓И╦║Х⌡▀', '500043.jpg', '6', 'Г╩▐Е┘╦Ф░╜И┘█О╪│', 'И┤▒И╩└Г └И╦║Х⌡▀Е├█И┘█Д╩╔Ф√╟И╡°Г └Х╔©Г╨╒Ф÷©О╪▄Г╩▐Е┘╦Г └Ф░╜И┘█О╪▄Д╧÷Г╩²Е╞╧Г╬▌Е▒ЁО╪│');
INSERT INTO `foodinfo` VALUES ('19', 'Х┌┴Д╦²Х▄└Е╜░', '500044.jpg', '10', 'Г╬▌Е▒ЁЕ▐╞Е▐ёО╪│', 'Иё▌Е▒ЁЕ╝╤Е╦╦Е╟▐Г┌▓О╪▄Е▐ёЕ▒ЁФ·│Д╫ЁО╪│');
INSERT INTO `foodinfo` VALUES ('20', 'Г┌╦И┘╠И²╒', '500045.jpg', '8', 'Д╨╛Е▒ЁЕ╟▐Е░┐О╪│', 'Х─│Е▄≈Д╨╛Г┌╦И┘╠И²╒О╪▄Ф╜ёЕ╝≈Д╨╛Е▒ЁЕ╟▐Е░┐О╪│');
INSERT INTO `foodinfo` VALUES ('21', 'Ф╦┘Г┌▓Ф≈╤Х■╛', '500046.jpg', '5', 'Ф≈╤Д╩╓Г╩©Х┴╡Х■╛Х▐°О╪│', 'Г╩©Х┴╡Х■╛Х▐°Е░╚Ф°┴Д╦╟Е╞▄Г └Х├ЁИё÷Г╨╓Г╩╢О╪▄Ф╞▐Е╓╘Иё÷Е╟▒И┤▐Г └Х■╛Х▐°Е╞╧Х╨╚Д╫⌠Г⌡┼Е╓└Е╓ Е╓ О╪│');
INSERT INTO `foodinfo` VALUES ('22', 'Г ╝Х⌡▀Г≤╕Х┌┴Г╡╔', '500047.jpg', '5', 'Г╬▌Е▒ЁЕ▐╞Е▐ёО╪│', 'Г ╝Х⌡▀Г≤╕Х┌┴Г╡╔О╪▄И╡°Г╬▌Г┬╫Е▐ёГ └Е╟▐Г╡╔О╪│');

-- ----------------------------
-- Table structure for t_consumeinfo
-- ----------------------------
DROP TABLE IF EXISTS `t_consumeinfo`;
CREATE TABLE `t_consumeinfo` (
  `consumeId` int(11) NOT NULL auto_increment,
  `userId` int(11) NOT NULL,
  `foodId` int(11) NOT NULL,
  `foodName` varchar(255) default NULL,
  `foodPrice` int(11) default NULL,
  `foodNum` int(11) default NULL,
  `foodTotprice` int(11) default NULL,
  `foodMark` int(11) default NULL,
  PRIMARY KEY  (`consumeId`)
) ENGINE=InnoDB DEFAULT CHARSET=utf8 COMMENT='InnoDB free: 4096 kB';

-- ----------------------------
-- Records of t_consumeinfo
-- ----------------------------
INSERT INTO `t_consumeinfo` VALUES ('5', '100001', '2', 'И²▓Х▐°Х┌┴Д╦²Г╡╔', '4', '1', '4', '9');
INSERT INTO `t_consumeinfo` VALUES ('7', '100001', '1', 'Е°÷Х╠├Д╦²Г⌡√И╔╜', '9', '1', '9', '10');
INSERT INTO `t_consumeinfo` VALUES ('8', '100001', '2', 'И²▓Х▐°Х┌┴Д╦²Г╡╔', '4', '1', '4', '1');
INSERT INTO `t_consumeinfo` VALUES ('9', '100001', '2', 'И²▓Х▐°Х┌┴Д╦²Г╡╔', '4', '8', '32', '1');
INSERT INTO `t_consumeinfo` VALUES ('10', '100024', '2', 'И²▓Х▐°Х┌┴Д╦²Г╡╔', '4', '1', '4', '1');
INSERT INTO `t_consumeinfo` VALUES ('11', '100024', '12', 'И┤█Е╨├Е╟▐И²╒', '5', '1', '5', '12');
INSERT INTO `t_consumeinfo` VALUES ('12', '100024', '12', 'И┤█Е╨├Е╟▐И²╒', '5', '7', '35', '1');
INSERT INTO `t_consumeinfo` VALUES ('13', '100024', '17', 'И╕≥Ф╡╧Ф┼└Ф┴▀', '4', '1', '4', '1');
INSERT INTO `t_consumeinfo` VALUES ('14', '100024', '21', 'Ф╦┘Г┌▓Ф≈╤Х■╛', '5', '1', '5', '1');
INSERT INTO `t_consumeinfo` VALUES ('15', '100024', '1', 'Е°÷Х╠├Д╦²Г⌡√И╔╜', '9', '1', '9', '1');
INSERT INTO `t_consumeinfo` VALUES ('16', '100027', '1', 'Е°÷Х╠├Д╦²Г⌡√И╔╜', '9', '1', '9', '8');
INSERT INTO `t_consumeinfo` VALUES ('17', '100027', '3', 'Е┬─Е┴┼И²╒', '6', '1', '6', '1');
INSERT INTO `t_consumeinfo` VALUES ('18', '100001', '1', 'Е°÷Х╠├Д╦²Г⌡√И╔╜', '9', '1', '9', '1');
INSERT INTO `t_consumeinfo` VALUES ('19', '100001', '3', 'Е┬─Е┴┼И²╒', '6', '1', '6', '10');
INSERT INTO `t_consumeinfo` VALUES ('20', '100001', '4', 'Ф▀┴И²╒', '6', '1', '6', '1');
INSERT INTO `t_consumeinfo` VALUES ('26', '100001', '22', 'Г ╝Х⌡▀Г≤╕Х┌┴Г╡╔', '5', '1', '5', '1');
INSERT INTO `t_consumeinfo` VALUES ('27', '100001', '2', 'И²▓Х▐°Х┌┴Д╦²Г╡╔', '4', '1', '4', '1');
INSERT INTO `t_consumeinfo` VALUES ('28', '100001', '4', 'Ф▀┴И²╒', '6', '1', '6', '1');
INSERT INTO `t_consumeinfo` VALUES ('29', '100001', '1', 'Е°÷Х╠├Д╦²Г⌡√И╔╜', '9', '7', '63', '1');
INSERT INTO `t_consumeinfo` VALUES ('31', '100001', '4', 'Ф▀┴И²╒', '6', '1', '6', '1');
INSERT INTO `t_consumeinfo` VALUES ('33', '100033', '7', 'Ф°╗И║╩Х┌┴Г⌡√И╔╜', '8', '1', '8', '1');
INSERT INTO `t_consumeinfo` VALUES ('34', '100033', '9', 'Г┴╧Х┴╡Г┌▓И╔╜', '7', '1', '7', '1');
INSERT INTO `t_consumeinfo` VALUES ('35', '100001', '1', 'Е°÷Х╠├Д╦²Г⌡√И╔╜', '9', '2', '18', '1');
INSERT INTO `t_consumeinfo` VALUES ('36', '100001', '6', 'Х╔©Г╨╒Ф÷©Ф┴⌠Е█╓И²╒', '7', '1', '7', '1');
INSERT INTO `t_consumeinfo` VALUES ('37', '100001', '7', 'Ф°╗И║╩Х┌┴Г⌡√И╔╜', '8', '1', '8', '1');
INSERT INTO `t_consumeinfo` VALUES ('38', '100001', '19', 'Х┌┴Д╦²Х▄└Е╜░', '10', '1', '10', '1');
INSERT INTO `t_consumeinfo` VALUES ('39', '100001', '21', 'Ф╦┘Г┌▓Ф≈╤Х■╛', '5', '1', '5', '1');

-- ----------------------------
-- Table structure for t_orderinfo
-- ----------------------------
DROP TABLE IF EXISTS `t_orderinfo`;
CREATE TABLE `t_orderinfo` (
  `orderId` int(11) NOT NULL auto_increment,
  `userName` varchar(255) default NULL,
  `orderName` varchar(255) NOT NULL default '',
  `orderAddr` varchar(255) default NULL,
  `orderphoneNo` varchar(255) default NULL,
  `orderMessage` varchar(255) default NULL,
  PRIMARY KEY  (`orderId`)
) ENGINE=InnoDB DEFAULT CHARSET=utf8 COMMENT='InnoDB free: 4096 kB; InnoDB free: 4096 kB';

-- ----------------------------
-- Records of t_orderinfo
-- ----------------------------
INSERT INTO `t_orderinfo` VALUES ('9', 'vivi', 'vivi', 'changsha', '15074974664', 'eee');
INSERT INTO `t_orderinfo` VALUES ('10', 'kaka', 'vivi', 'dd', '1155998888', 'df');
INSERT INTO `t_orderinfo` VALUES ('11', 'we', '', 'df', '112233', 'sdd');
INSERT INTO `t_orderinfo` VALUES ('12', 'ee', 'vivi', '1234', '11224343', 'rr');
INSERT INTO `t_orderinfo` VALUES ('13', '2', 'vivi', '23', '334444', 'sdd');
INSERT INTO `t_orderinfo` VALUES ('14', '43', 'vivi', 'erer', '3344555566', 'ff');
INSERT INTO `t_orderinfo` VALUES ('15', '33', 'vivi', '44', '33', 'fff');
INSERT INTO `t_orderinfo` VALUES ('16', '45', 'vivi', 'rr', '444545', 'rtr');
INSERT INTO `t_orderinfo` VALUES ('17', 'ff', 'vivi', 'fff', '33', 'ff');
INSERT INTO `t_orderinfo` VALUES ('18', 'dd', 'vivi', 'dd', '33', 'dd');
INSERT INTO `t_orderinfo` VALUES ('19', '3', 'vivi', '3', '33', '3');
INSERT INTO `t_orderinfo` VALUES ('20', '4', 'vivi', '44', '555555', 'ff');
INSERT INTO `t_orderinfo` VALUES ('21', 'xck', 'vivi', 'fff', '33', 'fff');
INSERT INTO `t_orderinfo` VALUES ('22', 'ff', 'vivi', 'erer', '3334', 'dfg');
INSERT INTO `t_orderinfo` VALUES ('23', 'uu', 'vivi', 'tuigiu', '8', '8909-0');
INSERT INTO `t_orderinfo` VALUES ('24', 'sdf', 'vv', 'er', '397', 'er');
INSERT INTO `t_orderinfo` VALUES ('25', 'wer', 'vv', 'er', '37', 'wer');
INSERT INTO `t_orderinfo` VALUES ('26', 'er', 'vv', 'fdf', '33', 'sdf');
INSERT INTO `t_orderinfo` VALUES ('27', 'zcs', 'cc', 'sdf', '373', 'df');
INSERT INTO `t_orderinfo` VALUES ('28', 'kiki', 'vivi', 'Ф╥╠Е°Ё', '00882323', 'Х╬ёФ╓▓Е╓ Г┌╧');
INSERT INTO `t_orderinfo` VALUES ('29', 'nia', 'vivi', 'df', '32323', 'df');
INSERT INTO `t_orderinfo` VALUES ('30', 'sdf', 'vivi', 'df', '73', 'awf');
INSERT INTO `t_orderinfo` VALUES ('31', 'sdf', 'vivi', 'edf', '33', 'sdf');
INSERT INTO `t_orderinfo` VALUES ('32', 'kiki', 'vivi', 'И∙©Е╓╖', '07315478', 'Е╓ Ф■╬Г┌╧Х╬ёФ╓▓');
INSERT INTO `t_orderinfo` VALUES ('33', 'fa', 'zz', 'И∙©Е╓╖', '121244', 'adfag');
INSERT INTO `t_orderinfo` VALUES ('34', 'df', 'vivi', 'fghfg', '7332243', 'ertfg\n');

-- ----------------------------
-- Table structure for user
-- ----------------------------
DROP TABLE IF EXISTS `user`;
CREATE TABLE `user` (
  `userId` int(11) NOT NULL auto_increment,
  `userName` varchar(255) NOT NULL,
  `userPwd` varchar(255) NOT NULL,
  PRIMARY KEY  (`userId`)
) ENGINE=InnoDB DEFAULT CHARSET=utf8;

-- ----------------------------
-- Records of user
-- ----------------------------
INSERT INTO `user` VALUES ('100001', 'vivi', '123456');
INSERT INTO `user` VALUES ('100002', 'kaka', '123456');
INSERT INTO `user` VALUES ('100003', 'meii', '123456');
INSERT INTO `user` VALUES ('100015', 'jsj', '123456');
INSERT INTO `user` VALUES ('100021', 'dd', '123456');
INSERT INTO `user` VALUES ('100022', 'h', '1');
INSERT INTO `user` VALUES ('100023', '33', '123456');
INSERT INTO `user` VALUES ('100024', 'vv', 'vv');
INSERT INTO `user` VALUES ('100025', 'vivivi', 'vivi');
INSERT INTO `user` VALUES ('100026', '', '');
INSERT INTO `user` VALUES ('100027', 'cc', 'cc');
INSERT INTO `user` VALUES ('100028', 'mm', 'mm');
INSERT INTO `user` VALUES ('100029', 'XyLina', 'df');
INSERT INTO `user` VALUES ('100030', 'lilei', '123456');
INSERT INTO `user` VALUES ('100031', 'viki', '123456');
INSERT INTO `user` VALUES ('100032', 'cc', '123456');
INSERT INTO `user` VALUES ('100033', 'zz', 'zz');
INSERT INTO `user` VALUES ('100034', 'kiki', '123456');
INSERT INTO `user` VALUES ('100035', 'kimi', '123456');
